{"cameraMode":{"drawMode":0,"name":"Shaded","section":"Shading Mode"},"sceneLighting":true,"audioPlay":false,"sceneViewState":{"showFog":true,"showMaterialUpdate":false,"showSkybox":true,"showFlares":true,"showImageEffects":true,"showParticleSystems":true},"in2DMode":false,"pivot":{"x":1.7881393432617188e-7,"y":0.9804288148880005,"z":-0.0738823413848877},"rotation":{"x":-0.07921376824378967,"y":0.7654402256011963,"z":-0.09603191167116165,"w":-0.6313582062721252},"size":6.85492467880249,"orthographic":false}