{"cameraMode":{"drawMode":0,"name":"Shaded","section":"Shading Mode"},"sceneLighting":true,"audioPlay":false,"sceneViewState":{"showFog":true,"showMaterialUpdate":false,"showSkybox":true,"showFlares":true,"showImageEffects":true,"showParticleSystems":true},"in2DMode":false,"pivot":{"x":0.0,"y":0.3899991512298584,"z":4.8000006675720219},"rotation":{"x":-0.1346137672662735,"y":0.37259092926979067,"z":-0.05468437448143959,"w":-0.9165695905685425},"size":10.443463325500489,"orthographic":false}